,count
the,1696
to,824
and,793
of,652
a,576
is,499
in,472
that,357
for,342
URL,337
AT_USER,327
i,324
they,305
are,289
it,287
on,262
with,252
great,248
our,247
be,244
we,225
have,218
will,212
s,208
you,205
was,178
he,173
this,172
all,170
at,166
amp,166
t,163
very,163
not,160
has,153
so,135
by,126
people,123
president,112
thank,111
country,109
news,107
his,106
but,106
would,105
no,103
now,99
fake,96
china,96
their,94
big,93
much,92
what,90
just,90
as,89
new,86
from,85
trump,84
who,84
do,81
or,81
me,81
more,80
my,79
about,77
should,76
never,75
democrats,74
been,73
than,73
many,73
can,71
an,69
one,68
other,68
like,67
good,67
up,66
media,65
america,65
u,65
time,64
doing,63
even,62
out,62
being,61
if,60
there,60
done,59
when,59
united,58
don,57
years,56
them,56
had,55
were,55
get,54
which,54
said,54
states,54
bad,53
over,51
democrat,50
only,49
party,48
carolina,48
how,47
make,46
far,46
nothing,45
way,45
see,44
again,44
him,44
north,44
world,43
too,43
want,43
economy,42
most,41
also,41
countries,41
american,41
border,41
ever,40
job,40
because,39
after,39
your,39
well,39
federal,39
win,39
fed,39
deal,38
history,38
usa,37
back,37
going,37
mueller,37
know,36
am,36
made,36
best,36
down,36
two,36
got,35
today,35
things,35
before,33
election,33
she,33
left,33
israel,33
come,32
last,32
really,32
strong,31
witch,30
hunt,30
did,30
others,30
then,30
against,30
fact,30
us,30
house,30
year,30
state,29
working,29
these,29
dollars,29
first,29
help,29
trade,29
totally,28
dems,28
times,28
look,28
go,28
money,28
her,28
administration,28
jobs,28
must,28
looking,27
york,27
into,27
interest,27
report,27
reserve,27
keep,27
think,26
work,26
wrong,26
didn,26
why,26
long,26
let,26
better,26
tariffs,26
crime,26
story,25
right,25
while,25
those,25
military,25
comey,25
republican,24
does,24
re,24
almost,24
could,24
true,23
won,23
forward,23
say,23
any,23
numbers,23
congress,23
show,23
getting,23
republicans,23
john,23
dan,23
trying,22
where,22
always,22
radical,22
congratulations,22
wall,22
hate,22
doesn,21
terrible,21
badly,21
corrupt,21
2,21
baltimore,21
law,21
racist,21
call,20
total,20
including,20
incredible,20
book,20
take,20
vote,20
2020,20
hit,20
companies,20
another,19
day,19
joe,19
actually,19
lost,19
obama,19
its,19
run,19
presidential,18
real,18
zero,18
energy,18
problem,18
some,18
despite,18
illegal,18
tonight,18
night,18
elijah,18
ve,17
2016,17
believe,17
such,17
important,17
meeting,17
happy,17
3,17
hard,17
low,17
lamestream,17
washington,17
minister,17
need,17
under,17
love,17
court,17
1,17
everyone,17
france,17
thing,16
greatest,16
called,16
facts,16
texas,16
along,16
wants,16
around,16
national,16
order,16
asked,16
may,16
both,16
perhaps,16
beautiful,16
robert,16
stop,16
failed,16
billions,16
inflation,16
prime,16
bishop,16
gone,15
government,15
prices,15
nice,15
ohio,15
justice,15
kavanaugh,15
rates,15
seen,15
phony,15
yet,15
without,15
governor,15
guy,15
through,15
given,15
m,15
hurricane,15
enforcement,15
cut,15
7,15
anything,14
future,14
crooked,14
leaving,14
crazy,14
post,14
every,14
start,14
same,14
coming,14
talking,14
number,14
sad,14
south,14
record,14
vets,14
rep,14
southern,14
put,14
leaders,14
allowed,14
went,14
district,14
el,14
paso,14
cummings,14
tomorrow,13
complete,13
failing,13
man,13
paying,13
knows,13
little,13
based,13
horrible,13
god,13
nation,13
talk,13
dollar,13
fast,13
happened,13
happen,13
give,13
ratings,13
safe,13
off,13
immigration,13
change,13
soon,13
unemployment,13
americans,13
act,13
dayton,13
mark,12
biden,12
hillary,12
clinton,12
success,12
wonderful,12
correct,12
during,12
tough,12
false,12
powell,12
leader,12
ridiculous,12
between,12
fox,12
bill,12
continue,12
everything,12
lowest,12
rate,12
currency,12
still,12
together,12
winning,12
market,12
greg,12
billion,12
james,12
poll,12
next,12
having,12
borders,12
major,12
alabama,12
disgusting,12
farmers,12
watched,12
congresswomen,12
collusion,11
100,11
else,11
something,11
happening,11
biggest,11
tremendous,11
paid,11
office,11
polls,11
making,11
iran,11
stated,11
yesterday,11
hurt,11
mr,11
system,11
obstruction,11
end,11
white,11
worst,11
dangerous,11
dorian,11
worse,11
florida,11
watch,11
free,11
already,10
ukraine,10
nations,10
drug,10
wow,10
days,10
friend,10
ll,10
jay,10
large,10
especially,10
own,10
economic,10
highly,10
political,10
support,10
california,10
security,10
family,10
honor,10
stronger,10
case,10
hope,10
meet,10
truly,10
sure,10
came,10
quickly,10
supreme,10
words,10
ago,10
second,10
morning,10
took,10
four,10
opponent,10
taking,10
fight,10
early,10
reporting,10
tightening,10
stand,10
please,10
open,10
director,10
respected,10
g,10
place,10
p,10
hampshire,10
disgrace,9
agree,9
attorney,9
saw,9
pelosi,9
conversation,9
information,9
sleepy,9
person,9
foreign,9
stories,9
amazon,9
away,9
growth,9
anyway,9
sooo,9
business,9
maga,9
face,9
losing,9
become,9
taken,9
crowd,9
decades,9
idea,9
able,9
saying,9
lies,9
general,9
workers,9
amazing,9
loopholes,9
points,9
agreed,9
thought,9
bigger,9
victory,9
until,9
senator,9
endorsement,9
tax,9
former,9
lower,9
quantitative,9
read,9
tv,9
tlaib,9
google,9
korea,9
nancy,9
russian,8
hoax,8
protect,8
massive,8
anti,8
safety,8
fully,8
approval,8
forced,8
set,8
lose,8
check,8
care,8
disaster,8
stay,8
statement,8
reason,8
certain,8
mayor,8
race,8
recession,8
progress,8
impeachment,8
successful,8
strongest,8
longer,8
close,8
omar,8
plus,8
harder,8
mistake,8
point,8
kag2020,8
remember,8
highest,8
short,8
move,8
higher,8
watching,8
deals,8
ig,8
000,8
though,8
here,8
hear,8
wrote,8
fighting,8
high,8
nbc,8
murphy,8
built,8
russia,8
15,8
brought,8
used,8
coast,8
running,8
credibility,8
leave,8
weak,8
talks,8
agreement,8
immediately,8
bahamas,8
helping,8
find,8
chinese,8
ready,8
full,8
level,8
donald,8
truth,8
respect,8
germany,8
small,8
squad,8
stock,8
greatly,8
fair,8
apologize,8
himself,8
puerto,8
rico,8
wanted,8
cnn,8
thousands,8
ap,8
secretary,7
pro,7
reports,7
standard,7
few,7
8,7
negative,7
week,7
questions,7
intelligence,7
probably,7
partner,7
possible,7
evening,7
part,7
city,7
home,7
speak,7
itself,7
cars,7
alternative,7
pleased,7
o,7
special,7
aoc,7
minnesota,7
mexico,7
met,7
members,7
old,7
inaccurate,7
build,7
attack,7
game,7
clue,7
oil,7
impact,7
senate,7
judge,7
willing,7
play,7
interview,7
continuing,7
led,7
judges,7
create,7
mccarthy,7
products,7
acting,7
rally,7
amendment,7
air,7
bless,7
leadership,7
visit,7
importantly,7
three,7
couldn,7
11,7
team,7
jason,7
different,7
pay,7
incompetent,7
calling,7
action,7
shootings,7
wanting,7
kevin,7
unfair,7
tell,7
xi,7
statements,7
past,7
victims,7
rocky,7
scandal,6
either,6
infrastructure,6
young,6
94,6
rating,6
least,6
loves,6
worth,6
fired,6
destroy,6
peter,6
knew,6
wins,6
agenda,6
anymore,6
10,6
paper,6
enemy,6
criminal,6
freedom,6
buy,6
50,6
bipartisan,6
various,6
opportunity,6
substantially,6
announce,6
impeach,6
lot,6
choice,6
shortly,6
involved,6
broken,6
testimony,6
control,6
entire,6
sadly,6
plenty,6
positive,6
innocent,6
moving,6
defense,6
al,6
cuts,6
asylum,6
sorry,6
allow,6
power,6
weeks,6
mike,6
announced,6
speaking,6
signed,6
building,6
public,6
patrol,6
fema,6
responders,6
fantastic,6
exactly,6
daca,6
georgia,6
spoke,6
organization,6
fbi,6
thanks,6
primary,6
friends,6
manufacturers,6
elected,6
use,6
nobody,6
themselves,6
boris,6
9,6
car,6
arena,6
hong,6
kong,6
fix,6
kim,6
scam,5
demean,5
currently,5
representing,5
phone,5
found,5
side,5
india,5
someone,5
evil,5
less,5
partners,5
numerous,5
listening,5
likes,5
hearing,5
polling,5
room,5
enough,5
virtually,5
price,5
birthday,5
expensive,5
consumer,5
lead,5
name,5
williams,5
winner,5
committee,5
sign,5
sick,5
liberal,5
campaign,5
women,5
beyond,5
except,5
shot,5
strongly,5
claim,5
top,5
congressional,5
usual,5
informed,5
needed,5
debate,5
page,5
told,5
word,5
easier,5
became,5
illegally,5
gotten,5
amounts,5
1st,5
25,5
30,5
debt,5
originally,5
anticipated,5
changed,5
interesting,5
candidate,5
potential,5
credit,5
6,5
cities,5
desperately,5
filthy,5
group,5
killed,5
kind,5
unfortunately,5
storm,5
giant,5
within,5
hopefully,5
pouring,5
addition,5
raise,5
late,5
feel,5
rest,5
missed,5
lawyer,5
television,5
mess,5
african,5
w,5
september,5
clean,5
4,5
5,5
tariff,5
policies,5
maybe,5
representatives,5
policy,5
labor,5
speech,5
third,5
consumers,5
anyone,5
documents,5
violation,5
product,5
stolen,5
released,5
looked,5
parts,5
anywhere,5
relationship,5
starting,5
biarritz,5
steve,5
likewise,5
serious,5
try,5
matter,5
00,5
king,5
proud,5
packed,5
million,5
recently,5
staff,5
police,5
putting,5
chris,5
language,5
sweden,5
budget,5
investigate,5
maga2020,5
since,4
levin,4
whistleblower,4
worked,4
chuck,4
schumer,4
permission,4
release,4
harassment,4
schiff,4
breaking,4
hurting,4
unable,4
legislation,4
etc,4
unlike,4
authorized,4
represented,4
hand,4
giving,4
says,4
sue,4
influence,4
across,4
fortune,4
gets,4
press,4
sources,4
spying,4
gang,4
fail,4
fine,4
amount,4
written,4
lady,4
knowing,4
dropped,4
speaker,4
healthcare,4
sense,4
vision,4
safer,4
advantage,4
due,4
serving,4
shape,4
guns,4
corey,4
judiciary,4
brett,4
ms,4
13,4
elect,4
current,4
live,4
hours,4
east,4
gas,4
myself,4
rather,4
lie,4
competing,4
lucky,4
exports,4
passed,4
lifetime,4
spent,4
ok,4
supply,4
waiting,4
remaining,4
overtime,4
favorite,4
treated,4
taliban,4
further,4
anchor,4
works,4
historic,4
showed,4
cost,4
costs,4
300,4
whole,4
justices,4
fraudulent,4
helped,4
rebuilt,4
central,4
sits,4
victories,4
becoming,4
october,4
goods,4
request,4
forget,4
ending,4
abc,4
once,4
d,4
looks,4
nc03,4
service,4
powerful,4
lawyers,4
guard,4
nc09,4
force,4
earth,4
hitting,4
smart,4
reported,4
camp,4
decided,4
dishonest,4
decision,4
2nd,4
msnbc,4
asking,4
non,4
problems,4
candidates,4
sanctuary,4
supporter,4
beginning,4
wife,4
subject,4
named,4
peace,4
kill,4
negotiations,4
nasty,4
shouldn,4
add,4
meantime,4
playing,4
sanders,4
terrific,4
legal,4
benefit,4
lawful,4
rated,4
assist,4
water,4
employment,4
shows,4
absolutely,4
investigation,4
defend,4
war,4
tired,4
afraid,4
focus,4
tougher,4
16,4
months,4
approved,4
e,4
save,4
brazil,4
trust,4
opinion,4
paul,4
angry,4
category,4
gives,4
outside,4
officials,4
launch,4
foul,4
gave,4
receiving,4
pass,4
personal,4
tried,4
experts,4
tens,4
millions,4
competition,4
juan,4
dnc,4
considering,4
congressman,4
coverage,4
easy,4
louisiana,4
meetings,4
question,4
economically,4
ice,4
pathetic,4
taxed,4
taxpayer,4
hundreds,4
wealth,4
bob,4
mass,4
heard,4
setting,4
spending,4
jews,4
incompetence,4
fairly,4
inside,4
journalism,4
raised,4
psycho,4
push,4
missiles,4
jong,4
un,4
served,4
navy,4
august,4
means,4
enthusiasm,4
families,4
loved,4
manipulation,4
completely,4
laws,4
wasted,4
oversight,4
hearings,4
narrative,3
transcript,3
telephone,3
course,3
gun,3
lowering,3
friendly,3
pressure,3
son,3
ukrainian,3
weren,3
investigating,3
company,3
comes,3
con,3
community,3
exposed,3
knowingly,3
pushed,3
turn,3
agencies,3
effort,3
deep,3
partnership,3
perfectly,3
loyal,3
children,3
sean,3
respectful,3
oh,3
nyc,3
europe,3
oval,3
pricing,3
anybody,3
ends,3
understand,3
waste,3
reduction,3
replaced,3
extremely,3
difference,3
department,3
advisor,3
independent,3
k,3
clearly,3
front,3
blaming,3
editor,3
wasn,3
ways,3
joke,3
human,3
vicious,3
patriots,3
greatness,3
dead,3
everybody,3
destroyed,3
reputation,3
event,3
afternoon,3
medal,3
expected,3
relief,3
airport,3
drone,3
saudi,3
arabia,3
opinions,3
stimulus,3
devaluation,3
eastern,3
conservative,3
pace,3
remake,3
imagine,3
conditions,3
motors,3
loaded,3
cause,3
terms,3
mouth,3
loudly,3
12,3
israeli,3
possibility,3
ann,3
talent,3
comcast,3
losers,3
distant,3
dirty,3
blacks,3
views,3
holding,3
buying,3
agricultural,3
european,3
bank,3
borrow,3
brandon,3
excellent,3
250,3
15th,3
republic,3
values,3
above,3
pentagon,3
meant,3
haven,3
started,3
predicted,3
term,3
barely,3
covered,3
concerning,3
life,3
projected,3
weapons,3
prior,3
outlets,3
fayetteville,3
received,3
regarding,3
afghanistan,3
finest,3
none,3
david,3
regulation,3
remain,3
career,3
understood,3
reform,3
mouthed,3
bring,3
senators,3
lyin,3
negotiate,3
meaningful,3
position,3
jerry,3
west,3
lightweight,3
reporters,3
summer,3
manchester,3
ambassador,3
plan,3
ship,3
eating,3
targeted,3
patriot,3
appreciate,3
properly,3
grazed,3
assured,3
signing,3
powers,3
program,3
unlawful,3
believes,3
whether,3
cable,3
henry,3
monitoring,3
via,3
site,3
path,3
supporters,3
accused,3
mental,3
barr,3
turned,3
suggested,3
hasn,3
pump,3
forever,3
rules,3
choose,3
completed,3
heads,3
lots,3
london,3
streets,3
administrations,3
unfairly,3
happens,3
ripoff,3
list,3
ethanol,3
prepared,3
sentence,3
possibly,3
whatever,3
seldom,3
attacks,3
bringing,3
rise,3
average,3
wages,3
construction,3
pennsylvania,3
hispanic,3
richard,3
followed,3
worker,3
appointed,3
hold,3
lou,3
lives,3
shooting,3
situation,3
hurricanes,3
careful,3
apprentice,3
mccabe,3
held,3
jim,3
street,3
weekend,3
local,3
theft,3
voting,3
disgraceful,3
final,3
makes,3
fool,3
broke,3
rapidly,3
places,3
sent,3
mentally,3
smith,3
closely,3
san,3
bedbugs,3
twitter,3
doral,3
reasons,3
consideration,3
returned,3
nuclear,3
blow,3
g7biarritz,3
g7summit,3
productive,3
calm,3
resolution,3
gains,3
crash,3
events,3
eric,3
difficult,3
destroying,3
headline,3
taxes,3
closed,3
tour,3
fentanyl,3
vast,3
chairman,3
stuff,3
movement,3
fights,3
easily,3
ford,3
disappointed,3
weakness,3
spend,3
denmark,3
gdp,3
commonwealth,3
kentucky,3
hatred,3
jewish,3
expense,3
hates,3
pakistan,3
otherwise,3
votes,3
anthony,3
scaramucci,3
racism,3
antifa,3
terror,3
according,3
apple,3
letter,3
grandmother,3
granted,3
acted,3
officers,3
men,3
outstanding,3
heritage,3
andrew,3
fraud,3
personally,3
doubt,3
shooter,3
tariffed,3
voter,3
id,3
cuomo,3
learn,3
rigged,3
flag,3
weapon,3
pumping,3
technology,3
donny,3
h,3
range,3
anger,3
elite,3
naval,3
represent,3
joaquin,3
brother,3
die,3
bernie,3
explain,3
necessary,3
melania,3
hateful,3
asap,3
fashion,3
cincinnati,3
waited,3
democratic,3
infested,3
socialist,3
ask,3
cindy,3
favor,3
lisa,3
lover,3
crowded,3
sit,3
trumper,3
minority,3
arrested,3
greenville,3
entitled,3
tweets,3
actions,3
nadler,2
ruin,2
prescription,2
appropriate,2
destructive,2
seems,2
bright,2
adam,2
continues,2
double,2
pressured,2
prosecutor,2
loving,2
fire,2
hunter,2
payments,2
governments,2
oligarchs,2
nominated,2
overwhelmingly,2
caught,2
officially,2
secretly,2
spy,2
agent,2
classified,2
bust,2
demand,2
fabricate,2
express,2
devoted,2
blessed,2
commitment,2
unyielding,2
duffy,2
kids,2
21,2
devastated,2
avoid,2
dumb,2
heavily,2
mention,2
brand,2
emissions,2
waiver,2
production,2
c,2
brien,2
increase,2
kag,2
terrence,2
member,2
beto,2
lewandowski,2
lindsey,2
strength,2
desperate,2
opening,2
delivering,2
results,2
nowhere,2
near,2
communities,2
recover,2
return,2
management,2
resignation,2
baseball,2
legend,2
extraordinary,2
achievement,2
pitcher,2
hotel,2
filling,2
netflix,2
stuck,2
incident,2
played,2
sued,2
assault,2
assaulted,2
producer,2
monetary,2
middle,2
leads,2
changing,2
milestone,2
150th,2
appointment,2
pledges,2
lets,2
digenova,2
auto,2
kingdom,2
proceed,2
process,2
strategic,2
unity,2
issue,2
goes,2
impeaching,2
sound,2
suing,2
libel,2
turning,2
killing,2
negotiation,2
discussions,2
mutual,2
tuesday,2
vaping,2
stupidly,2
burden,2
faster,2
disgraced,2
cop,2
unified,2
treasonous,2
crimes,2
sc,2
hello,2
bolton,2
beat,2
green,2
lately,2
basis,2
euro,2
elsewhere,2
courts,2
agreeing,2
vice,2
celebrating,2
anniversary,2
pledge,2
prove,2
heroes,2
suppression,2
constantly,2
pocahontas,2
missing,2
balance,2
03,2
ran,2
ben,2
endorse,2
parson,2
secure,2
naming,2
therefore,2
internal,2
mcas,2
cherry,2
caused,2
soldiers,2
ten,2
upset,2
existence,2
overnight,2
doonbeg,2
turnberry,2
crew,2
rebuilding,2
incapable,2
shame,2
investor,2
forces,2
unlimited,2
heart,2
stooges,2
appalachian,2
trail,2
argentina,2
sounded,2
maria,2
dishonesty,2
players,2
profusely,2
grateful,2
guys,2
boring,2
pirro,2
leakin,2
seemingly,2
sunday,2
referring,2
alone,2
include,2
katie,2
step,2
22,2
judd,2
mitch,2
mcconnell,2
period,2
200,2
passion,2
bahamian,2
promises,2
sections,2
adding,2
straight,2
apology,2
hoping,2
seller,2
radicals,2
resistance,2
revenge,2
plot,2
sarah,2
document,2
discretion,2
christopher,2
st,2
wouldn,2
mean,2
brilliantly,2
brian,2
talked,2
cooper,2
forgotten,2
roseanne,2
instead,2
accurate,2
miami,2
reached,2
models,2
gulf,2
origins,2
using,2
known,2
10th,2
climate,2
protects,2
hurts,2
cleanest,2
planet,2
largest,2
carbon,2
health,2
ignore,2
charged,2
among,2
gee,2
accepting,2
frankly,2
spied,2
foundation,2
crisis,2
confidence,2
thom,2
emergency,2
sending,2
khan,2
round,2
golf,2
pols,2
exercise,2
travel,2
inexpensive,2
cleaners,2
eu,2
practices,2
treat,2
chain,2
businesses,2
dealing,2
additional,2
refineries,2
enter,2
ongoing,2
original,2
reporter,2
dwindling,2
promised,2
establishment,2
mining,2
income,2
iowa,2
finally,2
wonder,2
cameras,2
robbed,2
sat,2
trillions,2
created,2
advice,2
columnist,2
poorly,2
trumps,2
illegals,2
promoting,2
thomas,2
j,2
handling,2
cops,2
roberts,2
abused,2
chaffetz,2
importers,2
follow,2
vindication,2
keeping,2
condolences,2
rocket,2
memory,2
wide,2
confidentiality,2
break,2
cory,2
colorado,2
smarter,2
updates,2
directions,2
inspector,2
code,2
arrived,2
coup,2
accident,2
wishes,2
luck,2
blame,2
excuses,2
manufacturing,2
sale,2
cia,2
officer,2
dem,2
task,2
duly,2
entirely,2
liked,2
moved,2
command,2
closing,2
upside,2
lawrence,2
donnell,2
loan,2
presidency,2
previously,2
result,2
disparage,2
politicians,2
isn,2
socialists,2
clueless,2
spewing,2
land,2
seek,2
johnson,2
journalist,2
bret,2
stephens,2
illinois,2
axios,2
elizabeth,2
warren,2
crowds,2
g7,2
heading,2
92,2
bore,2
upon,2
spread,2
talented,2
fires,2
respects,2
reach,2
shore,2
wrapped,2
egypt,2
hôtel,2
du,2
palais,2
haters,2
lovers,2
hilton,2
tweet,2
conversations,2
study,2
fellow,2
ranchers,2
purchase,2
rasmussen,2
breakfast,2
thus,2
lunch,2
emmanuel,2
vetoed,2
french,2
fun,2
smiling,2
messiah,2
conference,2
complex,2
fall,2
v,2
harris,2
thoughts,2
additionally,2
politically,2
balanced,2
spirit,2
intellectual,2
property,2
representative,2
larger,2
search,2
refuse,2
convince,2
trouble,2
socialism,2
concluded,2
survivors,2
grieving,2
nra,2
dearly,2
veterans,2
modern,2
executives,2
creation,2
provided,2
nato,2
wealthy,2
annual,2
convention,2
stopped,2
wake,2
touch,2
opposite,2
direction,2
aid,2
keeps,2
comments,2
greenland,2
tears,2
violence,2
semite,2
gross,2
2019,2
discussion,2
overflow,2
lack,2
divorced,2
puts,2
nicer,2
propaganda,2
biased,2
opposed,2
placed,2
tim,2
sums,2
19,2
cortez,2
setup,2
allowing,2
fraternal,2
moore,2
solve,2
cash,2
humanely,2
december,2
helps,2
yield,2
curve,2
cases,2
cycle,2
gain,2
join,2
ron,2
craft,2
audience,2
fit,2
michael,2
recent,2
explosion,2
manhattan,2
95,2
patients,2
hospital,2
seriously,2
testing,2
exercises,2
seeing,2
joint,2
often,2
oppose,2
background,2
checks,2
hands,2
prison,2
maguire,2
distinguished,2
coats,2
form,2
macron,2
compete,2
field,2
substantial,2
comparison,2
class,2
ridiculously,2
lesser,2
whenever,2
brown,2
star,2
siege,2
embarrassed,2
ballot,2
learned,2
george,2
condemn,2
delivered,2
praying,2
sided,2
obvious,2
unbiased,2
tragic,2
flags,2
send,2
primaries,2
ratcliffe,2
disappoint,2
nor,2
rip,2
kelly,2
confirmation,2
prosperity,2
grow,2
stage,2
records,2
cages,2
child,2
ended,2
tightened,2
eddie,2
gallagher,2
immunity,2
directed,2
stupid,2
supposed,2
kennedy,2
treason,2
exoneration,2
perpetrated,2
jamestown,2
virginia,2
negotiating,2
27,2
terrorist,2
daniel,2
behalf,2
card,2
chance,2
poor,2
fusion,2
gps,2
steele,2
ohr,2
embarrassment,2
impeded,2
clear,2
hating,2
wack,2
considered,2
brutal,2
shouting,2
wto,2
wine,2
freerocky,2
stefan,2
löfven,2
troublemakers,2
welcome,2
conflicted,2
deleted,2
answers,2
poison,2
morgenthau,2
falling,2
nightmare,2
guatemala,2
newest,2
volume,2
barrier,2
mainstream,2
reams,2
advisors,2
immigrants,2
agents,2
pm,2
mary,2
risk,2
chant,2
columns,2
friedman,2
vile,2
gene,2
thugs,2
wicked,2
wedded,2
embrace,2
detention,2
concentration,2
bunch,2
citizens,2
guards,2
ryan,2
suffering,1
type,1
inauguration,1
sooooo,1
scrambling,1
theme,1
everywhere,1
bizarre,1
brains,1
ignoring,1
pompeo,1
recieved,1
maxine,1
waters,1
purposely,1
garbage,1
focused,1
quid,1
quo,1
continuation,1
declassified,1
unredacted,1
zelensky,1
girl,1
bombshell,1
firsthand,1
knowledge,1
unga,1
corruption,1
refuses,1
acknowledge,1
accusing,1
stone,1
cold,1
threat,1
supposedly,1
account,1
houston,1
competitive,1
involves,1
collecting,1
schweizer,1
laura,1
ingraham,1
outrages,1
irresponsible,1
nowadays,1
accuracy,1
disputes,1
touched,1
tape,1
protected,1
listen,1
appears,1
complaint,1
suggests,1
intel,1
pretend,1
malicious,1
seditious,1
leaks,1
targeting,1
experienced,1
demented,1
schemes,1
routine,1
gratitude,1
magnificent,1
exquisite,1
celebrated,1
century,1
friendship,1
uncommon,1
courage,1
unfailing,1
character,1
rachel,1
campos,1
paloma,1
husband,1
strange,1
pitch,1
perfect,1
headed,1
batting,1
dicey,1
partisan,1
whistleblowers,1
solid,1
shocking,1
envy,1
asia,1
slide,1
toward,1
renewed,1
bargain,1
zuckerberg,1
sen,1
grassley,1
inappropriate,1
potentially,1
populated,1
anytime,1
guts,1
communicator,1
72nd,1
hbdusaf,1
produced,1
uniform,1
meaning,1
significantly,1
automakers,1
seize,1
older,1
polluting,1
environmentally,1
revoking,1
produce,1
envoy,1
hostage,1
affairs,1
instructed,1
treasury,1
sanctions,1
iihan,1
dummy,1
convinced,1
shameful,1
departed,1
publishing,1
storied,1
journalistic,1
laughed,1
enclaves,1
smugglers,1
traffickers,1
threatening,1
poisoning,1
youth,1
devotion,1
profound,1
faith,1
eternal,1
grace,1
almighty,1
bound,1
convictions,1
smear,1
grey,1
virtue,1
ruined,1
doors,1
throw,1
keys,1
mentioned,1
present,1
civilian,1
mo,1
each,1
presenting,1
closer,1
privilege,1
somebody,1
tank,1
enrich,1
sununu,1
goalposts,1
ploy,1
counts,1
figure,1
airspace,1
accuser,1
recall,1
church,1
bongino,1
walks,1
drop,1
shrank,1
coupled,1
net,1
exporter,1
tankers,1
allies,1
judicial,1
appointments,1
graham,1
speeding,1
nominees,1
confirming,1
outstripping,1
barack,1
fulfilling,1
connell,1
slush,1
fund,1
lastly,1
investigations,1
40,1
barreling,1
respirator,1
whimpering,1
incorrect,1
attacked,1
culprit,1
locked,1
depending,1
verification,1
sufficient,1
markets,1
supplied,1
expedite,1
approvals,1
pipelines,1
permitting,1
petroleum,1
determined,1
kathleen,1
parker,1
wondering,1
parties,1
pointing,1
gop,1
clash,1
ideology,1
tactics,1
coalesced,1
rinos,1
resuscitation,1
threats,1
familiar,1
allegations,1
protectkavanaugh,1
rescue,1
unbelievable,1
accusations,1
recrimination,1
horribly,1
scare,1
billy,1
soldier,1
elections,1
later,1
month,1
netanyahu,1
discuss,1
treaty,1
alliance,1
proved,1
hell,1
joy,1
reid,1
factor,1
showbiz,1
stable,1
genius,1
cigarettes,1
counterfeits,1
indeed,1
reverberated,1
negotiated,1
someday,1
motion,1
presidents,1
committed,1
hispanics,1
asians,1
venezuela,1
cuba,1
succeeding,1
depreciating,1
andrés,1
manuel,1
lópez,1
obrador,1
respective,1
gesture,1
increased,1
premier,1
liu,1
70th,1
treasure,1
liberty,1
uplift,1
worthy,1
honor911,1
leading,1
20,1
campaigning,1
hypothetical,1
pollsters,1
naïveté,1
boneheads,1
refinance,1
lengthening,1
sheet,1
suspends,1
chains,1
62,1
37,1
fakers,1
diminish,1
scope,1
alice,1
stewart,1
network,1
09,1
cover,1
margins,1
17,1
strategy,1
studio,1
equipment,1
tuned,1
sasse,1
nebraska,1
missouri,1
popular,1
perspective,1
services,1
disagreed,1
suggestions,1
fixed,1
protested,1
update,1
damage,1
departing,1
recognized,1
policemen,1
regret,1
turmoil,1
view,1
simply,1
arm,1
overruled,1
vp,1
advisers,1
achieved,1
pence,1
owned,1
resorts,1
ireland,1
lived,1
busy,1
plane,1
landing,1
resort,1
scotland,1
fuel,1
staying,1
taste,1
va,1
93,1
international,1
division,1
spews,1
globe,1
activist,1
owner,1
emanating,1
credible,1
anchors,1
chairs,1
committees,1
fewer,1
tweeted,1
hiking,1
flaming,1
dancer,1
deception,1
importance,1
passage,1
minor,1
sought,1
musician,1
deserve,1
praise,1
pushing,1
selling,1
ceasefire,1
kabul,1
cancelled,1
strengthen,1
bargaining,1
unbeknownst,1
separately,1
leverage,1
admitted,1
defrauding,1
deceiving,1
article,1
flunky,1
baker,1
lovingly,1
forecast,1
swapped,1
prisoners,1
patrolling,1
stepping,1
plate,1
grounds,1
congratulate,1
160th,1
bench,1
appellate,1
papa,1
doug,1
hubert,1
minnis,1
gracious,1
casualties,1
brave,1
enacted,1
kept,1
condition,1
cruise,1
stationary,1
housing,1
appreciated,1
incoming,1
uncertainty,1
nonsense,1
apologized,1
spygate,1
fixated,1
beginnings,1
maps,1
larry,1
kudlow,1
sister,1
dose,1
jerome,1
indicated,1
unsigned,1
began,1
begin,1
unlikely,1
scotus,1
reinstating,1
institute,1
hajec,1
recision,1
consider,1
lawfulness,1
odd,1
bond,1
worry,1
weakening,1
joblessness,1
surprised,1
statistical,1
30am,1
kemp,1
roy,1
ominously,1
denies,1
dedication,1
seeking,1
palestinians,1
greenblatt,1
pursue,1
private,1
sector,1
thrown,1
style,1
actress,1
debra,1
messing,1
hot,1
blacklist,1
mccarthyism,1
illness,1
model,1
palm,1
beach,1
rad,1
charlie,1
terrify,1
regardless,1
stripe,1
revealed,1
dastardly,1
terrified,1
bottom,1
apparatus,1
height,1
undisputed,1
stages,1
accept,1
apologies,1
2a,1
flawed,1
paris,1
polluters,1
crystal,1
purest,1
environmental,1
proposals,1
poverty,1
safest,1
emission,1
dumped,1
91,1
population,1
pollution,1
fakenewscnn,1
forum,1
ducking,1
reality,1
terrorism,1
sam,1
zell,1
protectionist,1
sitting,1
adept,1
solution,1
dramatically,1
cnbc,1
declassify,1
watergate,1
rationalization,1
inexplicably,1
disgusted,1
agency,1
tillis,1
declaration,1
bit,1
unpredictable,1
crews,1
knife,1
walk,1
sadiq,1
bothered,1
courses,1
fly,1
hawaii,1
kahn,1
loaning,1
fails,1
competitors,1
geniuses,1
crumble,1
practice,1
600,1
b,1
hemorrhaging,1
submitted,1
brazilian,1
mills,1
counter,1
intuitive,1
reaction,1
stems,1
tone,1
scenarios,1
interested,1
demeaning,1
belittling,1
behind,1
write,1
checking,1
economics,1
swing,1
incomes,1
gained,1
hourly,1
outpaced,1
industries,1
leisure,1
hospitality,1
wisconsin,1
nevada,1
booming,1
liars,1
traitors,1
nafta,1
unions,1
exorbitant,1
dues,1
afl,1
cio,1
trumka,1
krugman,1
adds,1
ambitious,1
retrain,1
encourage,1
approach,1
stance,1
merit,1
ambro,1
majotity,1
appoint,1
180,1
legislative,1
prayer,1
channels,1
circuit,1
appeals,1
soul,1
religion,1
pray,1
mph,1
winds,1
tragedy,1
likely,1
lineup,1
upfront,1
thanked,1
sir,1
vulnerable,1
contempt,1
fisa,1
accountable,1
rebuked,1
insubordinate,1
goodness,1
redirect,1
morici,1
economist,1
discount,1
suppliers,1
servants,1
briefed,1
engaged,1
belongs,1
firing,1
ethics,1
riley,1
journal,1
enjoy,1
scolded,1
clapper,1
dumber,1
brennan,1
congresswoman,1
debbie,1
dingell,1
battle,1
noticed,1
predict,1
yes,1
violating,1
agreements,1
omarosa,1
despised,1
cheap,1
madeleine,1
westerhout,1
enforceable,1
forgave,1
tiffany,1
leaked,1
attorneys,1
espionage,1
consistent,1
spreading,1
joni,1
greats,1
frequent,1
briefings,1
heed,1
prepare,1
laugh,1
test,1
knocked,1
641,1
recollections,1
ninth,1
fallout,1
scathing,1
examples,1
abuse,1
official,1
systematic,1
attempted,1
catastrophic,1
preparations,1
safir,1
slv,1
semnan,1
wish,1
determining,1
increases,1
smartly,1
reigning,1
dropping,1
export,1
sounds,1
bryan,1
dean,1
wright,1
prosecute,1
fear,1
kneecap,1
consequences,1
prosecuted,1
reasonable,1
disastrous,1
rights,1
liberties,1
stripped,1
detroit,1
smallest,1
plants,1
saving,1
space,1
thoroughly,1
excoriated,1
ashamed,1
package,1
upward,1
co,1
guarantee,1
crying,1
instructions,1
largely,1
route,1
age,1
legacy,1
exposing,1
pardons,1
aids,1
vitally,1
kirsten,1
gillibrand,1
glad,1
lobbyist,1
aides,1
pardon,1
anyplace,1
giddy,1
letting,1
outlet,1
hires,1
shep,1
hopeless,1
communications,1
pushback,1
jeremy,1
corbyn,1
britain,1
labour,1
light,1
tracking,1
tropical,1
includes,1
handle,1
miserably,1
infestation,1
bosses,1
quitting,1
bedbug,1
trumpers,1
landslide,1
radio,1
award,1
geeeee,1
embarrass,1
bomb,1
sizes,1
51,1
zogby,1
networks,1
recognizable,1
following,1
destined,1
struggle,1
confirmed,1
located,1
rumor,1
italian,1
giuseppe,1
conte,1
italy,1
powerfully,1
dealings,1
perpetuate,1
angela,1
merkel,1
chancellor,1
impressed,1
accurately,1
reaching,1
posting,1
segment,1
champions,1
judged,1
november,1
laughing,1
usmca,1
jesse,1
emma,1
vince,1
rooting,1
abe,1
japan,1
corn,1
regis,1
relations,1
tense,1
required,1
sheriffs,1
cooperate,1
reverse,1
basics,1
partially,1
avenue,1
subway,1
extended,1
125th,1
harlem,1
acts,1
approve,1
thinking,1
sky,1
jokingly,1
chosen,1
realize,1
kidding,1
sarcastic,1
relative,1
1977,1
jeff,1
z,1
fifties,1
ivanka,1
hosted,1
marriott,1
marquis,1
broadway,1
prospects,1
exciting,1
rainforest,1
attention,1
trading,1
75,1
motivated,1
ahead,1
achieving,1
sight,1
dow,1
573,1
seth,1
moulton,1
whoever,1
deliveries,1
kills,1
responding,1
ordering,1
carriers,1
ex,1
ups,1
hereby,1
ordered,1
whereas,1
hickenlooper,1
damaged,1
cousy,1
writer,1
hopeful,1
engage,1
preventing,1
engaging,1
owners,1
professionals,1
school,1
spicer,1
dancing,1
stars,1
sells,1
bonds,1
offering,1
yields,1
competes,1
disadvantage,1
quicksand,1
memorandum,1
facilitating,1
cancellation,1
student,1
25k,1
severely,1
disabled,1
everlasting,1
loyalty,1
interviewed,1
available,1
squeeze,1
feds,1
descendants,1
execs,1
regulators,1
legendary,1
alfred,1
sloan,1
founders,1
motor,1
rolling,1
deregulation,1
dedicated,1
growing,1
flourish,1
resulting,1
surge,1
driver,1
seat,1
hundred,1
protection,1
35,1
28,1
deliver,1
remarks,1
75th,1
amvets75th,1
proposal,1
automobile,1
3000,1
engines,1
smoother,1
environment,1
foolish,1
golfer,1
putt,1
count,1
speed,1
bump,1
missteps,1
council,1
effectively,1
catch,1
curb,1
entries,1
gays,1
wayne,1
allyn,1
root,1
direct,1
rescheduling,1
sometime,1
mette,1
frederiksen,1
discussing,1
postponing,1
scheduled,1
birth,1
dorothy,1
craziness,1
treading,1
territory,1
disgruntled,1
employee,1
jon,1
dope,1
lasted,1
promise,1
brexit,1
uk,1
modi,1
partnerships,1
towards,1
reducing,1
tensions,1
kashmir,1
snhu,1
manipulated,1
reduced,1
easing,1
enhanced,1
horrendous,1
purposes,1
selfish,1
driving,1
wreck,1
buddy,1
unstable,1
nut,1
shellacked,1
wheedled,1
cohesion,1
unfunded,1
liability,1
unthinkably,1
disdain,1
categories,1
poised,1
import,1
lobby,1
picture,1
accomplished,1
honest,1
machine,1
aware,1
crookedjournalism,1
devastating,1
portrayals,1
leaker,1
shifting,1
legitimate,1
portland,1
empty,1
pictures,1
maxed,1
floor,1
per,1
dinner,1
cook,1
donate,1
salary,1
400,1
fuming,1
whereupon,1
obnoxiously,1
rashida,1
grandstanded,1
proclaimed,1
appropriately,1
risch,1
idaho,1
patrick,1
yoes,1
canterbury,1
blue,1
rudy,1
attendance,1
elton,1
snhuarena,1
walmart,1
indicator,1
disinvestment,1
tight,1
forgive,1
deputy,1
demoted,1
takes,1
winners,1
falter,1
optimism,1
directly,1
protesters,1
enlightened,1
minds,1
michigan,1
philadelphia,1
capture,1
wounding,1
indication,1
speculate,1
holy,1
cow,1
drain,1
swamp,1
ball,1
supervision,1
investigator,1
envelope,1
entertainers,1
deferral,1
reciprocated,1
date,1
inverted,1
reaping,1
rewards,1
fleeing,1
slow,1
charles,1
payne,1
correctly,1
chair,1
enormous,1
mistakes,1
mid,1
adjustment,1
data,1
dependent,1
mildly,1
imposed,1
grant,1
fighter,1
champion,1
vitiello,1
identification,1
meaningless,1
buys,1
uninterested,1
fraction,1
lunatic,1
ranting,1
raving,1
cursing,1
living,1
landed,1
troops,1
print,1
grew,1
driven,1
goodwin,1
red,1
rant,1
loss,1
nuts,1
gift,1
fredo,1
curt,1
schilling,1
arizona,1
learning,1
missile,1
similar,1
advanced,1
skyfall,1
worried,1
facility,1
calls,1
negop,1
ripped,1
scarborough,1
humiliation,1
ambition,1
funny,1
deutsch,1
beg,1
bug,1
erin,1
mooch,1
terminated,1
expert,1
complicated,1
stem,1
flow,1
disruption,1
evenings,1
pays,1
wacko,1
comedian,1
maher,1
vacation,1
planned,1
unhinged,1
nicely,1
complaining,1
maggie,1
haberman,1
annoyed,1
hospitals,1
inflame,1
chaos,1
racists,1
hollywood,1
movie,1
ill,1
deranged,1
common,1
rod,1
blagojevich,1
sentenced,1
14,1
commuting,1
severe,1
review,1
retiring,1
2010,1
commanded,1
warfare,1
harvard,1
university,1
inform,1
honorable,1
joseph,1
counterterrorism,1
center,1
effective,1
admiral,1
coincides,1
retirement,1
gordon,1
professional,1
developed,1
speaks,1
financial,1
mixed,1
signals,1
purporting,1
deere,1
thrilled,1
caterpillar,1
boeing,1
amazed,1
loser,1
spoken,1
piece,1
dog,1
slam,1
cease,1
trips,1
castro,1
opens,1
shepard,1
misrepresenting,1
resemblance,1
medical,1
warm,1
0,1
sherrod,1
whaley,1
clicks,1
purple,1
recipients,1
ones,1
gold,1
immeasurable,1
sacrifice,1
unmatched,1
determination,1
armed,1
whom,1
admit,1
margin,1
banks,1
meanwhile,1
supporting,1
figures,1
astounding,1
development,1
penn,1
urges,1
vs,1
description,1
assailing,1
begun,1
feels,1
obligation,1
contribute,1
990,1
indicate,1
rourke,1
trounced,1
quiet,1
yoo,1
unconstitutional,1
meddle,1
violates,1
clause,1
14th,1
dobbs,1
certainty,1
suppressed,1
boosted,1
planning,1
subvert,1
contrary,1
cernekee,1
engineer,1
losses,1
stood,1
investment,1
season,1
corner,1
black,1
asian,1
bush,1
sandy,1
hook,1
32,1
reign,1
pres,1
tom,1
homan,1
sacred,1
wounds,1
heal,1
divided,1
solutions,1
directing,1
propose,1
ensuring,1
commit,1
murders,1
death,1
penalty,1
capital,1
punishment,1
decisively,1
needless,1
delay,1
intent,1
receive,1
steal,1
factories,1
depress,1
harm,1
compliments,1
weaken,1
responsibility,1
contributed,1
rage,1
vain,1
wounded,1
marrying,1
lowered,1
thursday,1
impacted,1
unspeakable,1
half,1
buildings,1
tragedies,1
accumulated,1
rapid,1
instances,1
throughout,1
heartfelt,1
prayers,1
cowardice,1
justify,1
lawmakers,1
grieve,1
pastor,1
scott,1
colby,1
champ,1
elpaso,1
authorities,1
devaluations,1
horror,1
couple,1
pupils,1
fan,1
joined,1
announcing,1
nomination,1
dni,1
slander,1
explained,1
miserable,1
chariman,1
tested,1
tests,1
singapore,1
shook,1
dialogue,1
comprehensive,1
quantities,1
constructive,1
string,1
phenomenal,1
drooling,1
prospect,1
beloved,1
knight,1
admirably,1
canada,1
2014,1
separation,1
realized,1
undo,1
bullard,1
louis,1
99,1
certainly,1
lengthy,1
aggressive,1
cutting,1
union,1
obtained,1
opposing,1
spencer,1
chief,1
operations,1
richardson,1
withdraw,1
rescind,1
awards,1
prosecutors,1
seal,1
solitary,1
confinement,1
difficulty,1
tubes,1
newsroom,1
breath,1
lemon,1
dumbest,1
insinuated,1
neutral,1
seniors,1
importation,1
governors,1
hadn,1
depression,1
sinkhole,1
generel,1
detail,1
wikileaks,1
n,1
y,1
dismissed,1
lawsuit,1
amy,1
insure,1
sanctity,1
ballots,1
backup,1
fashioned,1
reception,1
uncomfortable,1
mika,1
preside,1
marriage,1
married,1
reminded,1
heels,1
transportation,1
highways,1
roads,1
crashed,1
believed,1
sane,1
juice,1
however,1
cards,1
wait,1
stiffs,1
signs,1
unsafe,1
refusing,1
assumed,1
ultimately,1
somali,1
refugees,1
arresed,1
tucson,1
posing,1
islamic,1
kimberly,1
klacik,1
pumped,1
avail,1
screams,1
congresses,1
failure,1
crossings,1
hyde,1
mississippi,1
supports,1
iranians,1
cameron,1
25th,1
inner,1
pastors,1
formed,1
pickens,1
moves,1
measured,1
staggering,1
heights,1
glory,1
shaped,1
equated,1
assume,1
labeled,1
systems,1
sell,1
sharpton,1
sometimes,1
conman,1
road,1
pocket,1
statistics,1
bull,1
reverend,1
complain,1
protest,1
favors,1
troublemaker,1
score,1
intimidated,1
whites,1
scene,1
gilroy,1
apprehended,1
forgetting,1
duty,1
inspire,1
zones,1
fixing,1
stating,1
plainly,1
address,1
divide,1
francisco,1
recognizeable,1
wasting,1
focusing,1
louder,1
russians,1
conspiracy,1
statistically,1
ranks,1
milk,1
dry,1
wise,1
inspired,1
clowns,1
answer,1
unequivocal,1
misty,1
marris,1
exonerating,1
spends,1
blacksfortrump2020,1
approves,1
funds,1
reimbursed,1
expenditure,1
shock,1
performance,1
spin,1
mightily,1
revive,1
irrevocably,1
tarnished,1
display,1
ineptitude,1
halls,1
declaring,1
gutless,1
fighters,1
bats,1
proven,1
efficient,1
cumming,1
rat,1
rodent,1
bully,1
screaming,1
overturns,1
injunction,1
allows,1
rule,1
guatemalan,1
migrants,1
track,1
richest,1
developing,1
treatment,1
cheating,1
digital,1
reciprocal,1
foolishness,1
mac,1
q2,1
heavy,1
weight,1
neck,1
zoom,1
concerns,1
regard,1
sincerely,1
warriors,1
gianno,1
caldwell,1
conservatism,1
liberalism,1
dossier,1
284,1
149,1
seem,1
tapes,1
harassed,1
unacceptable,1
tolerated,1
de,1
blasio,1
tossed,1
nypd,1
serve,1
ceremony,1
52,1
jump,1
discovered,1
turns,1
rooted,1
moments,1
meltdown,1
shambles,1
agrees,1
blew,1
correspondents,1
nevertheless,1
nature,1
shiftyschiff,1
wallace,1
apply,1
wrongfully,1
counsel,1
oath,1
witnesses,1
acid,1
washed,1
33,1
emails,1
subpoena,1
band,1
18,1
andy,1
specifically,1
pinning,1
investigators,1
beside,1
basement,1
server,1
reclaiming,1
restoring,1
destiny,1
renewing,1
source,1
swalwell,1
endless,1
softball,1
polled,1
ain,1
minute,1
pill,1
riders,1
athletic,1
league,1
saddened,1
passing,1
ii,1
warrior,1
smartest,1
crumbling,1
section,1
foot,1
steel,1
concrete,1
remittance,1
fees,1
forming,1
caravans,1
ban,1
downward,1
spiral,1
replacement,1
depleted,1
suffer,1
derangement,1
syndrome,1
reading,1
replace,1
dilapidated,1
miles,1
walls,1
compromise,1
struck,1
majority,1
ceiling,1
pills,1
inexperienced,1
pulling,1
humanitarian,1
homeland,1
stevens,1
capturing,1
spies,1
religious,1
regime,1
text,1
messages,1
requested,1
bite,1
equals,1
cheat,1
bonkers,1
scale,1
belittle,1
handed,1
opposition,1
research,1
costly,1
deeper,1
miss,1
soooo,1
accumulation,1
manipulate,1
currencies,1
needlessly,1
misguided,1
revealing,1
manufactured,1
portray,1
nearby,1
wildly,1
rushed,1
injured,1
democracy,1
equal,1
cherish,1
share,1
bibi,1
longest,1
powerhouse,1
capable,1
insecure,1
exist,1
greater,1
producing,1
practically,1
shut,1
angel,1
mom,1
woman,1
mendoza,1
silenced,1
teams,1
48,1
citizen,1
flight,1
offered,1
vouch,1
bail,1
particularly,1
patriotic,1
incarceration,1
resolved,1
unparalleled,1
reduce,1
faulty,1
match,1
turnaround,1
q,1
kissed,1
column,1
rhode,1
island,1
chin,1
sort,1
writes,1
rounds,1
cell,1
unofficially,1
tiny,1
staged,1
greeted,1
crazed,1
trial,1
mollie,1
hemingway,1
carrie,1
severino,1
½,1
intention,1
nominate,1
scalia,1
experience,1
honored,1
celebration,1
cheer4usa,1
flew,1
aboard,1
carrying,1
waves,1
normandy,1
apprise,1
strait,1
hormuz,1
involving,1
ussboxer,1
amphibious,1
boxer,1
defensive,1
iranian,1
particular,1
indicted,1
l,1
aliens,1
deported,1
squandered,1
twice,1
combined,1
robbing,1
blind,1
despicable,1
circumstance,1
foolishly,1
blows,1
rivals,1
dream,1
banner,1
carry,1
charlotte,1
nc,1
unleashing,1
enterprise,1
dignity,1
pride,1
paycheck,1
boom,1
voted,1
332,1
consuming,1
project,1
predicting,1
mastermind,1
mumbai,1
exerted,1
mostly,1
fishing,1
appalled,1
horsewomen,1
apocalypse,1
wing,1
cranks,1
shampoo,1
bottle,1
simple,1
visible,1
bitterness,1
187,1
1984,1
ruled,1
quite,1
host,1
showcase,1
controversy,1
politics,1
bone,1
body,1
trap,1
enforcing,1
books,1
grab,1
billionaire,1
tech,1
thiel,1
investigated,1
accuses,1
brilliant,1
f,1
petrified,1
hills,1
rebuke,1
laced,1
politician,1
distance,1
progressives,1
endorsing,1
facilities,1
camps,1
qaeda,1
comment,1
drugs,1
trafficking,1
communist,1
purpose,1
criminalization,1
controlling,1
region,1
semitic,1
reject,1
communists,1
accuse,1
benjamin,1
unite,1
spewed,1
mouths,1
unpopular,1
unrepresentative,1
plays,1
abandoned,1
devaluing,1
quarter,1
slowest,1
effect,1
antiquated,1
unchallenged,1
condone,1
behavior,1
box,1
sticking,1
unbridled,1
confronted,1
adversaries,1
solved,1
friday,1
vividly,1
centers,1
reviews,1
adult,1
single,1
areas,1
percentage,1
criminals,1
arrangements,1
viciously,1
telling,1
progressive,1
whose,1
catastrophe,1
inept,1
functioning,1
flooding,1
ronald,1
reagan,1
87,1
ineffective,1
qualities,1
superior,1
lame,1
duck,1
fundraiser,1
44,1
breitbart,1
abysmal,1
abuses,1
texts,1
gaga,1
deletion,1
insurance,1
